scenario_id,scenario_family,seed
S0001,normal,3882989604366313941
S0002,normal,486965219646064304
S0003,normal,11618004613996999114
S0004,normal,10614900246403702262
S0005,normal,17309698742003222475
S0006,normal,14136158697150572282
S0007,normal,2934270839408051712
S0008,normal,4543568813291997068
S0009,normal,11697704377338740386
S0010,normal,993294747635201747
S0011,size_mixed,15944145773761206622
S0012,size_mixed,15021415743557579284
S0013,size_mixed,11322604380721481803
S0014,size_mixed,9824478950964315356
S0015,size_mixed,2229276649390219403
S0016,size_mixed,10081604988455868681
S0017,size_mixed,14260137162520359878
S0018,size_mixed,13367132737420171476
S0019,size_mixed,6061942707231113642
S0020,size_mixed,552766930402185486
S0021,weight_mixed,13281425027834369072
S0022,weight_mixed,10320145414782058120
S0023,weight_mixed,4077060192723882461
S0024,weight_mixed,14964436914956317591
S0025,weight_mixed,15118127439065737724
S0026,weight_mixed,7108953611979854923
S0027,weight_mixed,12814481331580308265
S0028,weight_mixed,3719708273948978564
S0029,weight_mixed,11567081057067229071
S0030,weight_mixed,17670053023023218852
S0031,late_large,3741152363433058103
S0032,late_large,11859684843253942521
S0033,late_large,5169602982263818233
S0034,late_large,10069064328890682112
S0035,late_large,14946372183149465406
S0036,late_large,2315553501301144774
S0037,late_large,12487441031165625850
S0038,late_large,971886919521462126
S0039,late_large,13652500257818149500
S0040,late_large,10583956853134600068
S0041,late_heavy,2979843373034012855
S0042,late_heavy,10159253687803445862
S0043,late_heavy,181313255741451808
S0044,late_heavy,4209850761113900324
S0045,late_heavy,14222406674133263783
S0046,late_heavy,3609203404640816780
S0047,late_heavy,6078134971819715691
S0048,late_heavy,9066976620186769579
S0049,late_heavy,2040166464244940084
S0050,late_heavy,14914040859405115091
S0051,repeated_sku,17022622646162644820
S0052,repeated_sku,11711732878096043106
S0053,repeated_sku,5478580294914503922
S0054,repeated_sku,7246794905853888563
S0055,repeated_sku,393273119118033302
S0056,repeated_sku,1528363100806043225
S0057,repeated_sku,18439398418055028178
S0058,repeated_sku,13990435536404406150
S0059,repeated_sku,12140996842195175260
S0060,repeated_sku,13577946831821033153
