scenario_id,scenario_family,seed,num_boxes,num_skus,sku_diversity,weight_band_diversity,total_volume_m3,total_weight_kg,arrival_volume_corr,arrival_weight_corr
S0001,normal,3882989604366313941,80,13,0.903631,0.852433,1.323804,528.650837,0.050796,-0.157901
S0002,normal,486965219646064304,80,13,0.961482,0.856006,1.736255,541.315127,0.018491,-0.136209
S0003,normal,11618004613996999114,80,13,0.981723,0.880546,2.185356,619.349638,0.027017,-0.034605
S0004,normal,10614900246403702262,80,13,0.950571,0.884278,1.736763,584.791898,0.063478,0.065889
S0005,normal,17309698742003222475,80,13,0.976387,0.861674,1.859969,563.344639,0.153434,0.148227
S0006,normal,14136158697150572282,80,13,0.962969,0.859851,1.697105,528.677673,-0.240483,-0.194143
S0007,normal,2934270839408051712,80,13,0.968713,0.855187,1.574952,630.128717,-0.00305,0.052415
S0008,normal,4543568813291997068,80,13,0.956026,0.835382,1.570457,508.669585,0.307293,0.054568
S0009,normal,11697704377338740386,80,13,0.983565,0.901618,1.828037,668.397497,0.016412,-0.013818
S0010,normal,993294747635201747,80,13,0.965319,0.888487,1.86403,588.778219,0.137059,0.20585
S0011,size_mixed,15944145773761206622,80,13,0.976276,0.854301,1.426861,590.298298,0.137067,0.073429
S0012,size_mixed,15021415743557579284,80,13,0.976462,0.867795,1.508108,556.713334,-0.049531,-0.033447
S0013,size_mixed,11322604380721481803,80,13,0.96479,0.814726,1.690485,528.388808,0.065122,-0.024622
S0014,size_mixed,9824478950964315356,80,13,0.987945,0.85867,1.667541,573.494941,-0.018288,-0.26814
S0015,size_mixed,2229276649390219403,80,13,0.953512,0.844836,1.594266,551.340916,0.075855,-0.018526
S0016,size_mixed,10081604988455868681,80,12,0.970611,0.846407,1.411129,576.275823,-0.006673,-0.077825
S0017,size_mixed,14260137162520359878,80,13,0.967581,0.8528,1.421414,537.363204,0.032547,0.117699
S0018,size_mixed,13367132737420171476,80,13,0.989583,0.878566,1.769064,574.697516,-0.092666,-0.08925
S0019,size_mixed,6061942707231113642,80,13,0.955172,0.782287,1.526455,485.040526,-0.173345,-0.04172
S0020,size_mixed,552766930402185486,80,13,0.984091,0.884911,1.750631,606.825279,-0.09178,-0.036073
S0021,weight_mixed,13281425027834369072,80,13,0.975327,0.826105,1.70379,486.392213,0.20094,0.14704
S0022,weight_mixed,10320145414782058120,80,13,0.969291,0.740612,1.286402,436.9317,-0.130929,-0.118969
S0023,weight_mixed,4077060192723882461,80,13,0.957947,0.885819,2.208901,573.073794,0.073992,0.061665
S0024,weight_mixed,14964436914956317591,80,13,0.975837,0.874315,1.940084,483.461265,-0.002011,-0.013401
S0025,weight_mixed,15118127439065737724,80,13,0.974063,0.89279,2.180028,579.421623,0.05032,0.071118
S0026,weight_mixed,7108953611979854923,80,13,0.97094,0.806851,1.55771,487.597205,0.033224,0.003604
S0027,weight_mixed,12814481331580308265,80,13,0.969018,0.866455,1.981902,547.446588,0.14448,0.061078
S0028,weight_mixed,3719708273948978564,80,13,0.978347,0.84747,1.857599,533.647861,0.097381,0.121795
S0029,weight_mixed,11567081057067229071,80,13,0.949627,0.772123,1.275333,393.083208,-0.057876,-0.015752
S0030,weight_mixed,17670053023023218852,80,13,0.970022,0.866395,1.676288,486.281942,0.013585,-0.091054
S0031,late_large,3741152363433058103,80,13,0.974917,0.93051,1.990093,672.625677,0.806817,0.39065
S0032,late_large,11859684843253942521,80,13,0.971646,0.844739,1.537251,463.330199,0.712176,0.335306
S0033,late_large,5169602982263818233,80,13,0.976818,0.89991,2.209978,684.544956,0.831331,0.638439
S0034,late_large,10069064328890682112,80,13,0.977741,0.915186,1.898223,641.434153,0.794503,0.506293
S0035,late_large,14946372183149465406,80,13,0.966579,0.884003,1.65318,575.574978,0.754293,0.482763
S0036,late_large,2315553501301144774,80,13,0.959075,0.860758,1.540219,484.179166,0.724939,0.591
S0037,late_large,12487441031165625850,80,13,0.927807,0.902088,1.822461,611.736746,0.810086,0.408108
S0038,late_large,971886919521462126,80,13,0.989866,0.893349,2.014123,603.922762,0.77833,0.459833
S0039,late_large,13652500257818149500,80,13,0.960629,0.917886,2.04187,582.048684,0.80027,0.521766
S0040,late_large,10583956853134600068,80,13,0.966359,0.905551,1.569281,660.937209,0.71925,0.495904
S0041,late_heavy,2979843373034012855,80,13,0.966413,0.899285,2.182917,657.101749,0.626222,0.933919
S0042,late_heavy,10159253687803445862,80,13,0.953179,0.765381,1.791539,490.708043,0.616296,0.819537
S0043,late_heavy,181313255741451808,80,13,0.968923,0.89153,2.049655,671.088548,0.647962,0.92208
S0044,late_heavy,4209850761113900324,80,13,0.957272,0.861748,1.433718,556.426979,0.487636,0.865098
S0045,late_heavy,14222406674133263783,80,13,0.97332,0.910589,1.991308,624.453859,0.548994,0.919309
S0046,late_heavy,3609203404640816780,80,13,0.991097,0.90124,1.905655,620.699195,0.586975,0.894799
S0047,late_heavy,6078134971819715691,80,13,0.981345,0.862882,2.174892,591.576372,0.636451,0.908126
S0048,late_heavy,9066976620186769579,80,13,0.986006,0.835986,1.57713,536.164733,0.524487,0.897532
S0049,late_heavy,2040166464244940084,80,13,0.977586,0.884876,2.037533,601.927171,0.629665,0.907252
S0050,late_heavy,14914040859405115091,80,13,0.961273,0.918755,2.014699,665.028296,0.653126,0.911004
S0051,repeated_sku,17022622646162644820,80,4,0.94665,0.860233,1.8657,549.337381,0.09333,0.032738
S0052,repeated_sku,11711732878096043106,80,4,0.880709,0.901976,1.583508,510.130512,-0.124214,0.04999
S0053,repeated_sku,5478580294914503922,80,4,0.968139,0.753686,0.91389,414.566909,-0.117635,-0.093735
S0054,repeated_sku,7246794905853888563,80,4,0.959804,0.900893,3.193728,785.237292,-0.292822,-0.122053
S0055,repeated_sku,393273119118033302,80,4,0.943986,0.708169,0.697264,409.544814,-0.216124,0.001187
S0056,repeated_sku,1528363100806043225,80,4,0.94383,0.752989,0.71604,425.105587,0.255856,0.249559
S0057,repeated_sku,18439398418055028178,80,4,0.922866,0.887686,2.815218,908.849324,-0.106599,0.086602
S0058,repeated_sku,13990435536404406150,80,4,0.920384,0.842098,2.138585,707.475381,0.270336,0.11824
S0059,repeated_sku,12140996842195175260,80,4,0.991323,0.653441,0.632302,348.585678,-0.073125,0.115594
S0060,repeated_sku,13577946831821033153,80,4,0.97021,0.657549,0.70983,412.915099,0.027305,-0.141184
